Country,Code,Trans-Pacific Partnership,NATO Article 5,Iran Nuclear Deal,UN Relief and Works Agency,UNESCO,INF Treaty,G-7 Joint Statement,UN Human Rights Council,NAFTA,Paris Climate Agreement,Open Skies Treaty,WHO
Afghanistan,AFG,#N/A,#N/A,#N/A,#N/A,Member,#N/A,#N/A,Currently serving / previously fulfilled elected term,#N/A,Ratifier,#N/A,Member
Albania,ALB,#N/A,Affirms,#N/A,#N/A,Member,#N/A,#N/A,Currently serving / previously fulfilled elected term,#N/A,Ratifier,#N/A,Member
Algeria,DZA,#N/A,#N/A,#N/A,#N/A,Member,#N/A,#N/A,Currently serving / previously fulfilled elected term,#N/A,Ratifier,#N/A,Member
Andorra,AND,#N/A,#N/A,#N/A,#N/A,Member,#N/A,#N/A,#N/A,#N/A,Ratifier,#N/A,Member
Angola,AGO,#N/A,#N/A,#N/A,#N/A,Member,#N/A,#N/A,Currently serving / previously fulfilled elected term,#N/A,Signatory,#N/A,Member
Anguilla,AIA,#N/A,#N/A,#N/A,#N/A,Associate Member,#N/A,#N/A,#N/A,#N/A,#N/A,#N/A,#N/A
Antigua and Barbuda,ATG,#N/A,#N/A,#N/A,#N/A,Member,#N/A,#N/A,#N/A,#N/A,Ratifier,#N/A,Member
Argentina,ARG,#N/A,#N/A,#N/A,#N/A,Member,#N/A,#N/A,Currently serving / previously fulfilled elected term,#N/A,Ratifier,#N/A,Member
Armenia,ARM,#N/A,#N/A,#N/A,#N/A,Member,#N/A,#N/A,Currently serving / previously fulfilled elected term,#N/A,Ratifier,#N/A,Member
Aruba,ABW,#N/A,#N/A,#N/A,#N/A,Associate Member,#N/A,#N/A,#N/A,#N/A,#N/A,#N/A,#N/A
Australia,AUS,Signatory,#N/A,#N/A,Member,Member,#N/A,#N/A,Currently serving / previously fulfilled elected term,#N/A,Ratifier,#N/A,Member
Austria,AUT,#N/A,#N/A,Signatory,#N/A,Member,#N/A,#N/A,Currently serving / previously fulfilled elected term,#N/A,Ratifier,#N/A,Member
Azerbaijan,AZE,#N/A,#N/A,#N/A,#N/A,Member,#N/A,#N/A,Currently serving / previously fulfilled elected term,#N/A,Ratifier,#N/A,Member
Bahamas,BHM,#N/A,#N/A,#N/A,#N/A,Member,#N/A,#N/A,Currently serving / previously fulfilled elected term,#N/A,Ratifier,#N/A,Member
Bahrain,BHR,#N/A,#N/A,#N/A,#N/A,Member,#N/A,#N/A,Currently serving / previously fulfilled elected term,#N/A,Ratifier,#N/A,Member
Bangladesh,BGD,#N/A,#N/A,#N/A,#N/A,Member,#N/A,#N/A,Currently serving / previously fulfilled elected term,#N/A,Ratifier,#N/A,Member
Barbados,BRB,#N/A,#N/A,#N/A,#N/A,Member,#N/A,#N/A,#N/A,#N/A,Ratifier,#N/A,Member
Belarus,BLR,#N/A,#N/A,#N/A,#N/A,Member,#N/A,#N/A,#N/A,#N/A,Ratifier,Ratifier,Member
Belgium,BEL,#N/A,Affirms,Signatory,Member,Member,#N/A,#N/A,Currently serving / previously fulfilled elected term,#N/A,Ratifier,Ratifier,Member
Belize,BLZ,#N/A,#N/A,#N/A,#N/A,Member,#N/A,#N/A,#N/A,#N/A,Ratifier,#N/A,Member
Benin,BEN,#N/A,#N/A,#N/A,#N/A,Member,#N/A,#N/A,Currently serving / previously fulfilled elected term,#N/A,Ratifier,#N/A,Member
Bhutan,BTN,#N/A,#N/A,#N/A,#N/A,Member,#N/A,#N/A,#N/A,#N/A,Ratifier,#N/A,Member
Bolivia,BOL,#N/A,#N/A,#N/A,#N/A,Member,#N/A,#N/A,Currently serving / previously fulfilled elected term,#N/A,Ratifier,#N/A,Member
Bosnia and Herzegovina,BIH,#N/A,#N/A,#N/A,#N/A,Member,#N/A,#N/A,Currently serving / previously fulfilled elected term,#N/A,Ratifier,Ratifier,Member
Botswana,BWA,#N/A,#N/A,#N/A,#N/A,Member,#N/A,#N/A,Currently serving / previously fulfilled elected term,#N/A,Ratifier,#N/A,Member
Brazil,BRA,#N/A,#N/A,#N/A,Member,Member,#N/A,#N/A,Currently serving / previously fulfilled elected term,#N/A,Ratifier,#N/A,Member
British Virgin Islands,VGB,#N/A,#N/A,#N/A,#N/A,Associate Member,#N/A,#N/A,#N/A,#N/A,#N/A,#N/A,#N/A
Brunei,BRN,Signatory,#N/A,#N/A,#N/A,Member,#N/A,#N/A,#N/A,#N/A,Ratifier,#N/A,Member
Bulgaria,BGR,#N/A,Affirms,Signatory,#N/A,Member,#N/A,#N/A,Currently serving / previously fulfilled elected term,#N/A,Ratifier,Ratifier,Member
Burkina Faso,BFA,#N/A,#N/A,#N/A,#N/A,Member,#N/A,#N/A,Currently serving / previously fulfilled elected term,#N/A,Ratifier,#N/A,Member
Burundi,BDI,#N/A,#N/A,#N/A,#N/A,Member,#N/A,#N/A,Currently serving / previously fulfilled elected term,#N/A,Ratifier,#N/A,Member
Cambodia,KHM,#N/A,#N/A,#N/A,#N/A,Member,#N/A,#N/A,#N/A,#N/A,Ratifier,#N/A,Member
Cameroon,CMR,#N/A,#N/A,#N/A,#N/A,Member,#N/A,#N/A,Currently serving / previously fulfilled elected term,#N/A,Ratifier,#N/A,Member
Canada,CAN,Signatory,Affirms,#N/A,Member,Member,#N/A,Agreed,Currently serving / previously fulfilled elected term,Ratifier,Ratifier,Ratifier,Member
Cape Verde,CPV,#N/A,#N/A,#N/A,#N/A,Member,#N/A,#N/A,#N/A,#N/A,Ratifier,#N/A,Member
Cayman Islands,CYM,#N/A,#N/A,#N/A,#N/A,Associate Member,#N/A,#N/A,#N/A,#N/A,#N/A,#N/A,#N/A
Central African Republic,CAF,#N/A,#N/A,#N/A,#N/A,Member,#N/A,#N/A,#N/A,#N/A,Ratifier,#N/A,Member
Chad,TCD,#N/A,#N/A,#N/A,#N/A,Member,#N/A,#N/A,#N/A,#N/A,Ratifier,#N/A,Member
Chile,CHL,Signatory,#N/A,#N/A,#N/A,Member,#N/A,#N/A,Currently serving / previously fulfilled elected term,#N/A,Ratifier,#N/A,Member
China,CHN,#N/A,#N/A,Signatory,#N/A,Member,#N/A,#N/A,Currently serving / previously fulfilled elected term,#N/A,Ratifier,#N/A,Member
Colombia,COL,#N/A,#N/A,#N/A,#N/A,Member,#N/A,#N/A,#N/A,#N/A,Ratifier,#N/A,Member
Comoros,COM,#N/A,#N/A,#N/A,#N/A,Member,#N/A,#N/A,#N/A,#N/A,Ratifier,#N/A,Member
Cook Islands,COK,#N/A,#N/A,#N/A,#N/A,Member,#N/A,#N/A,#N/A,#N/A,Ratifier,#N/A,Member
Costa Rica,CRI,#N/A,#N/A,#N/A,#N/A,Member,#N/A,#N/A,Currently serving / previously fulfilled elected term,#N/A,Ratifier,#N/A,Member
Cote d'Ivoire,CIV,#N/A,#N/A,#N/A,#N/A,Member,#N/A,#N/A,Currently serving / previously fulfilled elected term,#N/A,Ratifier,#N/A,Member
Croatia,HRV,#N/A,Affirms,Signatory,#N/A,Member,#N/A,#N/A,Currently serving / previously fulfilled elected term,#N/A,Ratifier,Ratifier,Member
Cuba,CUB,#N/A,#N/A,#N/A,#N/A,Member,#N/A,#N/A,Currently serving / previously fulfilled elected term,#N/A,Ratifier,#N/A,Member
Curacao,CUW,#N/A,#N/A,#N/A,#N/A,Associate Member,#N/A,#N/A,#N/A,#N/A,#N/A,#N/A,#N/A
Cyprus,CYP,#N/A,#N/A,Signatory,#N/A,Member,#N/A,#N/A,#N/A,#N/A,Ratifier,#N/A,Member
Czech Republic,CZE,#N/A,Affirms,Signatory,#N/A,Member,#N/A,#N/A,Currently serving / previously fulfilled elected term,#N/A,Ratifier,Ratifier,Member
Democratic Republic of the Congo,COD,#N/A,#N/A,#N/A,#N/A,Member,#N/A,#N/A,Currently serving / previously fulfilled elected term,#N/A,Ratifier,#N/A,Member
Denmark,DNK,#N/A,Affirms,Signatory,Member,Member,#N/A,#N/A,Currently serving / previously fulfilled elected term,#N/A,Ratifier,Ratifier,Member
Djibouti,DJI,#N/A,#N/A,#N/A,#N/A,Member,#N/A,#N/A,Currently serving / previously fulfilled elected term,#N/A,Ratifier,#N/A,Member
Dominica,DMA,#N/A,#N/A,#N/A,#N/A,Member,#N/A,#N/A,#N/A,#N/A,Ratifier,#N/A,Member
Dominican Republic,DOM,#N/A,#N/A,#N/A,#N/A,Member,#N/A,#N/A,#N/A,#N/A,Ratifier,#N/A,Member
East Timor,TLS,#N/A,#N/A,#N/A,#N/A,Member,#N/A,#N/A,#N/A,#N/A,Ratifier,#N/A,Member
Ecuador,ECU,#N/A,#N/A,#N/A,#N/A,Member,#N/A,#N/A,Currently serving / previously fulfilled elected term,#N/A,Ratifier,#N/A,Member
Egypt,EGY,#N/A,#N/A,#N/A,Member,Member,#N/A,#N/A,Currently serving / previously fulfilled elected term,#N/A,Ratifier,#N/A,Member
El Salvador,SLV,#N/A,#N/A,#N/A,#N/A,Member,#N/A,#N/A,Currently serving / previously fulfilled elected term,#N/A,Ratifier,#N/A,Member
Equatorial Guinea,GNQ,#N/A,#N/A,#N/A,#N/A,Member,#N/A,#N/A,#N/A,#N/A,Ratifier,#N/A,Member
Eritrea,ERI,#N/A,#N/A,#N/A,#N/A,Member,#N/A,#N/A,Currently serving / previously fulfilled elected term,#N/A,Signatory,#N/A,Member
Estonia,EST,#N/A,Affirms,Signatory,#N/A,Member,#N/A,#N/A,Currently serving / previously fulfilled elected term,#N/A,Ratifier,Ratifier,Member
Eswatini,SWZ,#N/A,#N/A,#N/A,#N/A,Member,#N/A,#N/A,#N/A,#N/A,Ratifier,#N/A,Member
Ethiopia,ETH,#N/A,#N/A,#N/A,#N/A,Member,#N/A,#N/A,Currently serving / previously fulfilled elected term,#N/A,Ratifier,#N/A,Member
Faroe Islands,FRO,#N/A,#N/A,#N/A,#N/A,Associate Member,#N/A,#N/A,#N/A,#N/A,#N/A,#N/A,#N/A
Federated States of Micronesia,FSM,#N/A,#N/A,#N/A,#N/A,Member,#N/A,#N/A,#N/A,#N/A,Ratifier,#N/A,Member
Fiji,FJI,#N/A,#N/A,#N/A,#N/A,Member,#N/A,#N/A,Currently serving / previously fulfilled elected term,#N/A,Ratifier,#N/A,Member
Finland,FIN,#N/A,#N/A,Signatory,Member,Member,#N/A,#N/A,Currently serving / previously fulfilled elected term,#N/A,Ratifier,Ratifier,Member
France,FRA,#N/A,Affirms,Signatory,Member,Member,#N/A,Agreed,Currently serving / previously fulfilled elected term,#N/A,Ratifier,Ratifier,Member
Gabon,GAB,#N/A,#N/A,#N/A,#N/A,Member,#N/A,#N/A,Currently serving / previously fulfilled elected term,#N/A,Ratifier,#N/A,Member
Gambia,GMB,#N/A,#N/A,#N/A,#N/A,Member,#N/A,#N/A,#N/A,#N/A,Ratifier,#N/A,Member
Georgia,GEO,#N/A,#N/A,#N/A,#N/A,Member,#N/A,#N/A,Currently serving / previously fulfilled elected term,#N/A,Ratifier,Ratifier,Member
Germany,DEU,#N/A,Affirms,Signatory,Member,Member,#N/A,Agreed,Currently serving / previously fulfilled elected term,#N/A,Ratifier,Ratifier,Member
Ghana,GHA,#N/A,#N/A,#N/A,#N/A,Member,#N/A,#N/A,Currently serving / previously fulfilled elected term,#N/A,Ratifier,#N/A,Member
Greece,GRC,#N/A,Affirms,Signatory,#N/A,Member,#N/A,#N/A,#N/A,#N/A,Ratifier,Ratifier,Member
Grenada,GRD,#N/A,#N/A,#N/A,#N/A,Member,#N/A,#N/A,#N/A,#N/A,Ratifier,#N/A,Member
Guatemala,GTM,#N/A,#N/A,#N/A,#N/A,Member,#N/A,#N/A,Currently serving / previously fulfilled elected term,#N/A,Ratifier,#N/A,Member
Guinea,GIN,#N/A,#N/A,#N/A,#N/A,Member,#N/A,#N/A,#N/A,#N/A,Ratifier,#N/A,Member
Guinea-Bissau,GNB,#N/A,#N/A,#N/A,#N/A,Member,#N/A,#N/A,#N/A,#N/A,Ratifier,#N/A,Member
Guyana,GUY,#N/A,#N/A,#N/A,#N/A,Member,#N/A,#N/A,#N/A,#N/A,Ratifier,#N/A,Member
Haiti,HTI,#N/A,#N/A,#N/A,#N/A,Member,#N/A,#N/A,#N/A,#N/A,Ratifier,#N/A,Member
Honduras,HND,#N/A,#N/A,#N/A,#N/A,Member,#N/A,#N/A,#N/A,#N/A,Ratifier,#N/A,Member
Hungary,HUN,#N/A,Affirms,Signatory,#N/A,Member,#N/A,#N/A,Currently serving / previously fulfilled elected term,#N/A,Ratifier,Ratifier,Member
Iceland,ISL,#N/A,Affirms,#N/A,#N/A,Member,#N/A,#N/A,Currently serving / previously fulfilled elected term,#N/A,Ratifier,Ratifier,Member
India,IND,#N/A,#N/A,#N/A,#N/A,Member,#N/A,#N/A,Currently serving / previously fulfilled elected term,#N/A,Ratifier,#N/A,Member
Indonesia,IDN,#N/A,#N/A,#N/A,#N/A,Member,#N/A,#N/A,Currently serving / previously fulfilled elected term,#N/A,Ratifier,#N/A,Member
Iran,IRN,#N/A,#N/A,Signatory,#N/A,Member,#N/A,#N/A,#N/A,#N/A,Signatory,#N/A,Member
Iraq,IRQ,#N/A,#N/A,#N/A,#N/A,Member,#N/A,#N/A,Currently serving / previously fulfilled elected term,#N/A,Signatory,#N/A,Member
Ireland,IRL,#N/A,#N/A,Signatory,Member,Member,#N/A,#N/A,Currently serving / previously fulfilled elected term,#N/A,Ratifier,#N/A,Member
Israel,ISR,#N/A,#N/A,#N/A,#N/A,Withdrawn,#N/A,#N/A,#N/A,#N/A,Ratifier,#N/A,Member
Italy,ITA,#N/A,Affirms,Signatory,Member,Member,#N/A,Agreed,Currently serving / previously fulfilled elected term,#N/A,Ratifier,Ratifier,Member
Jamaica,JAM,#N/A,#N/A,#N/A,#N/A,Member,#N/A,#N/A,#N/A,#N/A,Ratifier,#N/A,Member
Japan,JPN,Signatory,#N/A,#N/A,Member,Member,#N/A,Agreed,Currently serving / previously fulfilled elected term,#N/A,Ratifier,#N/A,Member
Jordan,JOR,#N/A,#N/A,#N/A,Member,Member,#N/A,#N/A,Currently serving / previously fulfilled elected term,#N/A,Ratifier,#N/A,Member
Kazakhstan,KAZ,#N/A,#N/A,#N/A,#N/A,Member,#N/A,#N/A,Currently serving / previously fulfilled elected term,#N/A,Ratifier,#N/A,Member
Kenya,KEN,#N/A,#N/A,#N/A,#N/A,Member,#N/A,#N/A,Currently serving / previously fulfilled elected term,#N/A,Ratifier,#N/A,Member
Kiribati,KIR,#N/A,#N/A,#N/A,#N/A,Member,#N/A,#N/A,#N/A,#N/A,Ratifier,#N/A,Member
Kuwait,KWT,#N/A,#N/A,#N/A,Member,Member,#N/A,#N/A,Currently serving / previously fulfilled elected term,#N/A,Ratifier,#N/A,Member
Kyrgyzstan,KGZ,#N/A,#N/A,#N/A,#N/A,Member,#N/A,#N/A,Currently serving / previously fulfilled elected term,#N/A,Ratifier,Signatory,Member
Laos,LAO,#N/A,#N/A,#N/A,#N/A,Member,#N/A,#N/A,#N/A,#N/A,Ratifier,#N/A,Member
Latvia,LVA,#N/A,Affirms,Signatory,#N/A,Member,#N/A,#N/A,Currently serving / previously fulfilled elected term,#N/A,Ratifier,Ratifier,Member
Lebanon,LBN,#N/A,#N/A,#N/A,Member,Member,#N/A,#N/A,#N/A,#N/A,Ratifier,#N/A,Member
Lesotho,LSO,#N/A,#N/A,#N/A,#N/A,Member,#N/A,#N/A,#N/A,#N/A,Ratifier,#N/A,Member
Liberia,LBR,#N/A,#N/A,#N/A,#N/A,Member,#N/A,#N/A,#N/A,#N/A,Ratifier,#N/A,Member
Libya,LBY,#N/A,#N/A,#N/A,#N/A,Member,#N/A,#N/A,Currently serving / previously fulfilled elected term,#N/A,Signatory,#N/A,Member
Liechtenstein,LIE,#N/A,#N/A,#N/A,#N/A,#N/A,#N/A,#N/A,#N/A,#N/A,Ratifier,#N/A,#N/A
Lithuania,LTU,#N/A,Affirms,Signatory,#N/A,Member,#N/A,#N/A,#N/A,#N/A,Ratifier,Ratifier,Member
Luxembourg,LUX,#N/A,Affirms,Signatory,Member,Member,#N/A,#N/A,#N/A,#N/A,Ratifier,Ratifier,Member
Macau,MAC,#N/A,#N/A,#N/A,#N/A,Associate Member,#N/A,#N/A,#N/A,#N/A,#N/A,#N/A,#N/A
Macedonia,MKD,#N/A,Affirms,#N/A,#N/A,Member,#N/A,#N/A,Currently serving / previously fulfilled elected term,#N/A,Ratifier,#N/A,Member
Madagascar,MDG,#N/A,#N/A,#N/A,#N/A,Member,#N/A,#N/A,Currently serving / previously fulfilled elected term,#N/A,Ratifier,#N/A,Member
Malawi,MWI,#N/A,#N/A,#N/A,#N/A,Member,#N/A,#N/A,Currently serving / previously fulfilled elected term,#N/A,Ratifier,#N/A,Member
Malaysia,MYS,Signatory,#N/A,#N/A,#N/A,Member,#N/A,#N/A,Currently serving / previously fulfilled elected term,#N/A,Ratifier,#N/A,Member
Maldives,MDV,#N/A,#N/A,#N/A,#N/A,Member,#N/A,#N/A,Currently serving / previously fulfilled elected term,#N/A,Ratifier,#N/A,Member
Mali,MLI,#N/A,#N/A,#N/A,#N/A,Member,#N/A,#N/A,Currently serving / previously fulfilled elected term,#N/A,Ratifier,#N/A,Member
Malta,MLT,#N/A,#N/A,Signatory,#N/A,Member,#N/A,#N/A,#N/A,#N/A,Ratifier,#N/A,Member
Marshall Islands,MHL,#N/A,#N/A,#N/A,#N/A,Member,#N/A,#N/A,Currently serving / previously fulfilled elected term,#N/A,Ratifier,#N/A,Member
Mauritania,MRT,#N/A,#N/A,#N/A,#N/A,Member,#N/A,#N/A,Currently serving / previously fulfilled elected term,#N/A,Ratifier,#N/A,Member
Mauritius,MUS,#N/A,#N/A,#N/A,#N/A,Member,#N/A,#N/A,Currently serving / previously fulfilled elected term,#N/A,Ratifier,#N/A,Member
Mexico,MEX,Signatory,#N/A,#N/A,#N/A,Member,#N/A,#N/A,Currently serving / previously fulfilled elected term,Ratifier,Ratifier,#N/A,Member
Moldova,MDA,#N/A,#N/A,#N/A,#N/A,Member,#N/A,#N/A,Currently serving / previously fulfilled elected term,#N/A,Ratifier,#N/A,Member
Monaco,MCO,#N/A,#N/A,#N/A,#N/A,Member,#N/A,#N/A,#N/A,#N/A,Ratifier,#N/A,Member
Mongolia,MNG,#N/A,#N/A,#N/A,#N/A,Member,#N/A,#N/A,Currently serving / previously fulfilled elected term,#N/A,Ratifier,#N/A,Member
Montenegro,MNE,#N/A,Affirms,#N/A,#N/A,Member,#N/A,#N/A,Currently serving / previously fulfilled elected term,#N/A,Ratifier,#N/A,Member
Montserrat,MSR,#N/A,#N/A,#N/A,#N/A,Associate Member,#N/A,#N/A,#N/A,#N/A,#N/A,#N/A,#N/A
Morocco,MAR,#N/A,#N/A,#N/A,#N/A,Member,#N/A,#N/A,Currently serving / previously fulfilled elected term,#N/A,Ratifier,#N/A,Member
Mozambique,MOZ,#N/A,#N/A,#N/A,#N/A,Member,#N/A,#N/A,#N/A,#N/A,Ratifier,#N/A,Member
Myanmar,MMR,#N/A,#N/A,#N/A,#N/A,Member,#N/A,#N/A,#N/A,#N/A,Ratifier,#N/A,Member
Namibia,NAM,#N/A,#N/A,#N/A,#N/A,Member,#N/A,#N/A,Currently serving / previously fulfilled elected term,#N/A,Ratifier,#N/A,Member
Nauru,NRU,#N/A,#N/A,#N/A,#N/A,Member,#N/A,#N/A,#N/A,#N/A,Ratifier,#N/A,Member
Nepal,NPL,#N/A,#N/A,#N/A,#N/A,Member,#N/A,#N/A,Currently serving / previously fulfilled elected term,#N/A,Ratifier,#N/A,Member
Netherlands,NLD,#N/A,Affirms,Signatory,Member,Member,#N/A,#N/A,Currently serving / previously fulfilled elected term,#N/A,Ratifier,#N/A,Member
New Caledonia,NCL,#N/A,#N/A,#N/A,#N/A,Associate Member,#N/A,#N/A,#N/A,#N/A,#N/A,#N/A,#N/A
New Zealand,NZL,Signatory,#N/A,#N/A,#N/A,Member,#N/A,#N/A,#N/A,#N/A,Ratifier,#N/A,Member
Nicaragua,NIC,#N/A,#N/A,#N/A,#N/A,Member,#N/A,#N/A,Currently serving / previously fulfilled elected term,#N/A,Ratifier,#N/A,Member
Niger,NER,#N/A,#N/A,#N/A,#N/A,Member,#N/A,#N/A,#N/A,#N/A,Ratifier,#N/A,Member
Nigeria,NGA,#N/A,#N/A,#N/A,#N/A,Member,#N/A,#N/A,Currently serving / previously fulfilled elected term,#N/A,Ratifier,#N/A,Member
Niue,NIU,#N/A,#N/A,#N/A,#N/A,Member,#N/A,#N/A,#N/A,#N/A,Ratifier,#N/A,Member
North Korea,PRK,#N/A,#N/A,#N/A,#N/A,Member,#N/A,#N/A,#N/A,#N/A,Ratifier,#N/A,Member
Norway,NOR,#N/A,Affirms,#N/A,Member,Member,#N/A,#N/A,Currently serving / previously fulfilled elected term,#N/A,Ratifier,Ratifier,Member
Oman,OMN,#N/A,#N/A,#N/A,#N/A,Member,#N/A,#N/A,#N/A,#N/A,Ratifier,#N/A,Member
Pakistan,PAK,#N/A,#N/A,#N/A,#N/A,Member,#N/A,#N/A,Currently serving / previously fulfilled elected term,#N/A,Ratifier,#N/A,Member
Palau,PLW,#N/A,#N/A,#N/A,#N/A,Member,#N/A,#N/A,#N/A,#N/A,Ratifier,#N/A,Member
Palestine,PSE,#N/A,#N/A,#N/A,Observer,Member,#N/A,#N/A,#N/A,#N/A,Ratifier,#N/A,#N/A
Panama,PAN,#N/A,#N/A,#N/A,#N/A,Member,#N/A,#N/A,Currently serving / previously fulfilled elected term,#N/A,Ratifier,#N/A,Member
Papua New Guinea,PNG,#N/A,#N/A,#N/A,#N/A,Member,#N/A,#N/A,#N/A,#N/A,Ratifier,#N/A,Member
Paraguay,PRY,#N/A,#N/A,#N/A,#N/A,Member,#N/A,#N/A,Currently serving / previously fulfilled elected term,#N/A,Ratifier,#N/A,Member
Peru,PER,Signatory,#N/A,#N/A,#N/A,Member,#N/A,#N/A,Currently serving / previously fulfilled elected term,#N/A,Ratifier,#N/A,Member
Philippines,PHL,#N/A,#N/A,#N/A,#N/A,Member,#N/A,#N/A,Currently serving / previously fulfilled elected term,#N/A,Ratifier,#N/A,Member
Poland,POL,#N/A,Affirms,Signatory,#N/A,Member,#N/A,#N/A,Currently serving / previously fulfilled elected term,#N/A,Ratifier,Ratifier,Member
Portugal,PRT,#N/A,Affirms,Signatory,#N/A,Member,#N/A,#N/A,Currently serving / previously fulfilled elected term,#N/A,Ratifier,Ratifier,Member
Qatar,QAT,#N/A,#N/A,#N/A,Member,Member,#N/A,#N/A,Currently serving / previously fulfilled elected term,#N/A,Ratifier,#N/A,Member
Republic of the Congo,COG,#N/A,#N/A,#N/A,#N/A,Member,#N/A,#N/A,Currently serving / previously fulfilled elected term,#N/A,Ratifier,#N/A,#N/A
Romania,ROU,#N/A,Affirms,Signatory,#N/A,Member,#N/A,#N/A,Currently serving / previously fulfilled elected term,#N/A,Ratifier,Ratifier,Member
Russia,RUS,#N/A,#N/A,Signatory,#N/A,Member,Ratifier,#N/A,Currently serving / previously fulfilled elected term,#N/A,Ratifier,Ratifier,Member
Rwanda,RWA,#N/A,#N/A,#N/A,#N/A,Member,#N/A,#N/A,Currently serving / previously fulfilled elected term,#N/A,Ratifier,#N/A,Member
Saint Kitts and Nevis,KNA,#N/A,#N/A,#N/A,#N/A,Member,#N/A,#N/A,#N/A,#N/A,Ratifier,#N/A,Member
Saint Lucia,LCA,#N/A,#N/A,#N/A,#N/A,Member,#N/A,#N/A,#N/A,#N/A,Ratifier,#N/A,Member
Saint Vincent and the Grenadines,VCT,#N/A,#N/A,#N/A,#N/A,Member,#N/A,#N/A,#N/A,#N/A,Ratifier,#N/A,Member
Samoa,WSM,#N/A,#N/A,#N/A,#N/A,Member,#N/A,#N/A,#N/A,#N/A,Ratifier,#N/A,Member
San Marino,SMR,#N/A,#N/A,#N/A,#N/A,Member,#N/A,#N/A,#N/A,#N/A,Ratifier,#N/A,Member
Sao Tome and Principe,STP,#N/A,#N/A,#N/A,#N/A,Member,#N/A,#N/A,#N/A,#N/A,Ratifier,#N/A,Member
Saudi Arabia,SAU,#N/A,#N/A,#N/A,Member,Member,#N/A,#N/A,Currently serving / previously fulfilled elected term,#N/A,Ratifier,#N/A,Member
Senegal,SEN,#N/A,#N/A,#N/A,#N/A,Member,#N/A,#N/A,Currently serving / previously fulfilled elected term,#N/A,Ratifier,#N/A,Member
Serbia,SRB,#N/A,#N/A,#N/A,#N/A,Member,#N/A,#N/A,#N/A,#N/A,Ratifier,#N/A,Member
Seychelles,SYC,#N/A,#N/A,#N/A,#N/A,Member,#N/A,#N/A,#N/A,#N/A,Ratifier,#N/A,Member
Sierra Leone,SLE,#N/A,#N/A,#N/A,#N/A,Member,#N/A,#N/A,Currently serving / previously fulfilled elected term,#N/A,Ratifier,#N/A,Member
Singapore,SGP,Signatory,#N/A,#N/A,#N/A,Member,#N/A,#N/A,#N/A,#N/A,Ratifier,#N/A,Member
Sint Maarten,SXM,#N/A,#N/A,#N/A,#N/A,Associate Member,#N/A,#N/A,#N/A,#N/A,#N/A,#N/A,#N/A
Slovakia,SVK,#N/A,Affirms,Signatory,#N/A,Member,#N/A,#N/A,Currently serving / previously fulfilled elected term,#N/A,Ratifier,Ratifier,Member
Slovenia,SVN,#N/A,Affirms,Signatory,#N/A,Member,#N/A,#N/A,Currently serving / previously fulfilled elected term,#N/A,Ratifier,Ratifier,Member
Solomon Islands,SLB,#N/A,#N/A,#N/A,#N/A,Member,#N/A,#N/A,#N/A,#N/A,Ratifier,#N/A,Member
Somalia,SOM,#N/A,#N/A,#N/A,#N/A,Member,#N/A,#N/A,Currently serving / previously fulfilled elected term,#N/A,Ratifier,#N/A,Member
South Africa,ZAF,#N/A,#N/A,#N/A,#N/A,Member,#N/A,#N/A,Currently serving / previously fulfilled elected term,#N/A,Ratifier,#N/A,Member
South Korea,KOR,#N/A,#N/A,#N/A,#N/A,Member,#N/A,#N/A,Currently serving / previously fulfilled elected term,#N/A,Ratifier,#N/A,Member
South Sudan,SSD,#N/A,#N/A,#N/A,#N/A,Member,#N/A,#N/A,#N/A,#N/A,Signatory,#N/A,Member
Spain,ESP,#N/A,Affirms,Signatory,Member,Member,#N/A,#N/A,Currently serving / previously fulfilled elected term,#N/A,Ratifier,Ratifier,Member
Sri Lanka,LKA,#N/A,#N/A,#N/A,#N/A,Member,#N/A,#N/A,Currently serving / previously fulfilled elected term,#N/A,Ratifier,#N/A,Member
Sudan,SDN,#N/A,#N/A,#N/A,#N/A,Member,#N/A,#N/A,Currently serving / previously fulfilled elected term,#N/A,Ratifier,#N/A,Member
Suriname,SUR,#N/A,#N/A,#N/A,#N/A,Member,#N/A,#N/A,#N/A,#N/A,Ratifier,#N/A,Member
Sweden,SWE,#N/A,#N/A,Signatory,Member,Member,#N/A,#N/A,#N/A,#N/A,Ratifier,Ratifier,Member
Switzerland,CHE,#N/A,#N/A,#N/A,Member,Member,#N/A,#N/A,Currently serving / previously fulfilled elected term,#N/A,Ratifier,#N/A,Member
Syria,SYR,#N/A,#N/A,#N/A,Member,Member,#N/A,#N/A,#N/A,#N/A,Ratifier,#N/A,Member
Tajikistan,TJK,#N/A,#N/A,#N/A,#N/A,Member,#N/A,#N/A,#N/A,#N/A,Ratifier,#N/A,Member
Tanzania,TZA,#N/A,#N/A,#N/A,#N/A,Member,#N/A,#N/A,#N/A,#N/A,Ratifier,#N/A,Member
Thailand,THA,#N/A,#N/A,#N/A,#N/A,Member,#N/A,#N/A,Currently serving / previously fulfilled elected term,#N/A,Ratifier,#N/A,Member
Togo,TGO,#N/A,#N/A,#N/A,#N/A,Member,#N/A,#N/A,Currently serving / previously fulfilled elected term,#N/A,Ratifier,#N/A,Member
Tokelau,TKL,#N/A,#N/A,#N/A,#N/A,Associate Member,#N/A,#N/A,#N/A,#N/A,#N/A,#N/A,#N/A
Tonga,TON,#N/A,#N/A,#N/A,#N/A,Member,#N/A,#N/A,#N/A,#N/A,Ratifier,#N/A,Member
Trinidad and Tobago,TTO,#N/A,#N/A,#N/A,#N/A,Member,#N/A,#N/A,#N/A,#N/A,Ratifier,#N/A,Member
Tunisia,TUN,#N/A,#N/A,#N/A,#N/A,Member,#N/A,#N/A,Currently serving / previously fulfilled elected term,#N/A,Ratifier,#N/A,Member
Turkey,TUR,#N/A,Affirms,#N/A,Member,Member,#N/A,#N/A,#N/A,#N/A,Signatory,Ratifier,Member
Turkmenistan,TKM,#N/A,#N/A,#N/A,#N/A,Member,#N/A,#N/A,#N/A,#N/A,Ratifier,#N/A,Member
Tuvalu,TUV,#N/A,#N/A,#N/A,#N/A,Member,#N/A,#N/A,#N/A,#N/A,Ratifier,#N/A,Member
Uganda,UGA,#N/A,#N/A,#N/A,#N/A,Member,#N/A,#N/A,Currently serving / previously fulfilled elected term,#N/A,Ratifier,#N/A,Member
Ukraine,UKR,#N/A,#N/A,#N/A,#N/A,Member,#N/A,#N/A,Currently serving / previously fulfilled elected term,#N/A,Ratifier,Ratifier,Member
United Arab Emirates,ARE,#N/A,#N/A,#N/A,Member,Member,#N/A,#N/A,Currently serving / previously fulfilled elected term,#N/A,Ratifier,#N/A,Member
United Kingdom,GBR,#N/A,Affirms,Signatory,Member,Member,#N/A,Agreed,Currently serving / previously fulfilled elected term,#N/A,Ratifier,Ratifier,Member
United States,USA,Withdrawn,Declined to affirm,Withdrawn,Funding Withdrawn,Withdrawn,Withdrawn,Withdrawn,Withdrawn,Withdrawn,Withdrawn,Withdrawn,Withdrawn
Uruguay,URY,#N/A,#N/A,#N/A,#N/A,Member,#N/A,#N/A,Currently serving / previously fulfilled elected term,#N/A,Ratifier,#N/A,Member
Uzbekistan,UZB,#N/A,#N/A,#N/A,#N/A,Member,#N/A,#N/A,Currently serving / previously fulfilled elected term,#N/A,Ratifier,#N/A,Member
Vanuatu,VUT,#N/A,#N/A,#N/A,#N/A,Member,#N/A,#N/A,#N/A,#N/A,Ratifier,#N/A,Member
Vatican City,VAT,#N/A,#N/A,#N/A,#N/A,Observer,#N/A,#N/A,#N/A,#N/A,Observer,#N/A,#N/A
Venezuela,VEN,#N/A,#N/A,#N/A,#N/A,Member,#N/A,#N/A,Currently serving / previously fulfilled elected term,#N/A,Ratifier,#N/A,Member
Vietnam,VNM,Signatory,#N/A,#N/A,#N/A,Member,#N/A,#N/A,Currently serving / previously fulfilled elected term,#N/A,Ratifier,#N/A,Member
Yemen,YEM,#N/A,#N/A,#N/A,#N/A,Member,#N/A,#N/A,#N/A,#N/A,Signatory,#N/A,Member
Zambia,ZMB,#N/A,#N/A,#N/A,#N/A,Member,#N/A,#N/A,Currently serving / previously fulfilled elected term,#N/A,Ratifier,#N/A,Member
Zimbabwe,ZWE,#N/A,#N/A,#N/A,#N/A,Member,#N/A,#N/A,#N/A,#N/A,Ratifier,#N/A,Member
